"id","coefId","coef1","coef2","coef3"
"1","0","-1.3021244218377432","0.0017799220381322506","0.016556539736342052"
"2","0","-0.346056540950446","2.1107545843592974","0.26287536475407686"
"3","0","0.8302132200124611","0.031156063539090992","-0.049051714460861526"
"4","0","0.7876374039648034","-0.7029156504414981","0.044069412913042866"
"5","0","0.824108181131633","-0.0029489263353000145","-0.03501256348042947"
"6","1","0.6052237448060125","0.02120431623816746","-0.0013024761480230906"
"7","1","2.6863850588888893","1.2758243005017182","-4.252185653247659"
"8","1","-0.40321043923787253","2.6507382517462674","-0.8624149996114219"
"9","2","-1.9551846869843117","0.44402301786178155","0.5584821910609316"
"10","2","0.07776924880374897","1.3322143004848996","-0.9301986230472162"
"11","2","0.5428901054476021","-0.009789934905986154","-0.019979550782017894"
"12","2","0.5539715697023441","-0.8032253627619148","-0.38372925187978435"
"13","2","0.5400761994035835","0.01994788512928355","-0.014092275488582592"
"14","3","0.7728387166175305","0.05423493497116613","0.042302411334865286"
"15","3","0.3491786683333334","-1.1239340477156219","-0.6972153496021404"
"16","3","-1.5599207123961285","1.1597335840123986","0.5835061291513733"
"17","3","0.4679551287355537","0.9533000646389164","-0.9292587937239986"
"18","4","0.647696447059292","0.033315380890154296","0.036521764829986064"
"19","4","2.412585746796537","1.7928415069755474","-3.5511790421536436"
"20","4","-0.36762469964687605","2.6254618288728313","-0.7473043198712861"
"21","5","-1.8447846283649216","0.09123319640776026","0.10267084094823525"
"22","5","-0.43717374906496764","2.0353993185349193","-0.31577539905677243"
"23","5","0.5891990927521411","0.03654075279083846","-0.009784174211888402"
"24","5","0.6187979088029005","-0.6787029745673057","-0.7294653565942054"
"25","5","0.5895406966692391","0.032877333453731845","-0.008670758111827048"
"26","6","0.709664159919989","0.05660040595108012","0.09405593935391408"
"27","6","0.2810290416666667","-1.1530940410479715","-0.6653513660156485"
"28","6","-1.5632009965295839","1.5780331365474145","0.6554378760073009"
"29","6","0.4623580716979777","0.7471748495120849","-0.6767550791645176"
"30","6","0.6602732016666668","0.08886386261153556","0.06295185033867329"
"31","7","0.800939416605407","0.048338018240175515","0.010062703148505145"
"32","7","0.39274970666666675","-1.1403628527343037","-0.5426963068851729"
"33","7","-1.2113887509762709","1.8560513087328472","0.7677451309102632"
"34","7","0.5966083336433242","0.5186264501653797","-0.37772402544305606"
"35","7","0.7729281326190476","-0.03344318301156629","-0.04475558097320009"
"36","8","0.7275869226918197","0.05293173769338822","0.03446062873239039"
"37","8","0.27181971000000005","-1.2498318412717317","-0.6390147859447777"
"38","8","-1.4700350519962733","1.5657698750811155","0.7696434645306801"
"39","8","0.5358586619638994","0.6132595899623061","-0.637592141220732"
"40","9","-1.4059663099854347","0.011630372885102477","0.0014253609829913694"
"41","9","-0.477740402009688","1.86384286439242","0.17984605754158828"
"42","9","0.7589448649014294","0.025913236847594556","-0.06215310768649624"
"43","10","-1.5950478101058474","0.010989071510579485","0.0053467241851237746"
"44","10","-0.5328486256298562","2.276601529607865","0.13729584580084"
"45","10","0.6677874813754123","0.030063679826169608","-0.030361521828177016"
"46","10","0.7021518061283644","-0.6784993304615496","-0.635648171812479"
"47","10","0.6748915550027448","0.006665752889929176","-0.0073998847501169085"
"48","11","0.7925402937241267","0.03496486447907521","-0.03001206997037814"
"49","11","0.41125795500000006","-1.1988268680839074","-0.6390869885797712"
"50","11","-1.6661927567548322","0.7449446581681077","0.38929639984513587"
"51","11","0.37733170386698023","1.2995544327583024","-1.2200115128924434"
"52","12","-1.7712340589961644","0.058157885791028235","0.11115012914704703"
"53","12","-0.44728445121354904","2.0595645726016856","-0.21345461346418923"
"54","12","0.6046356296698623","0.028015253094444456","-0.01359229778459882"
"55","12","0.579471579776853","-0.5997324581745477","-0.08238736734729399"
"56","12","0.602634329888282","-0.005056142358056678","-0.020204769557241514"
"57","13","-1.617397372236146","0.015500640338735883","-0.004821302468597244"
"58","13","-0.6309514760751387","2.3817044100595735","0.4623382890820665"
"59","13","0.6665403923179202","0.03850570373670339","-0.022481638684098873"
"60","13","0.6696935031490491","-0.7570512825827006","0.05963335595338612"
"61","13","0.6671506498804401","-0.002919282888019771","-0.01610164034447434"
"62","14","-1.7941145052183334","0.3518549179027051","0.53694450898559"
"63","14","-0.07928080584916838","1.2424148167505398","-0.41508866739629857"
"64","14","0.5877899375400211","-0.004684468636973098","-0.03094259203842479"
"65","15","-1.6748398261980966","0.09275853399939912","0.130506427051077"
"66","15","-0.2470545690508893","1.8581757126450302","-0.5805149050558072"
"67","15","0.6335510212894269","0.01932624551056783","-0.024839263854045536"
"68","16","0.694542547128502","0.053611357095693306","0.030222073719852333"
"69","16","0.207320775","-1.253738178759312","-0.5259164577433382"
"70","16","-1.7856590020010228","1.0340282225548785","0.505335065656625"
"71","16","0.39971603015709006","1.0152810571826527","-1.1148307327198752"
"72","17","-1.3000938415309198","0.025770906505969055","0.034326940491338304"
"73","17","-0.2693131600549117","2.226878913236799","0.11857045923426038"
"74","17","0.8165669868279459","0.008664166493183405","-0.010666758391920411"
"75","17","0.8656214562895257","-0.4576082021516779","-0.8764619607977667"
"76","17","0.8216621285164538","0.00872665516827098","-0.04059341158340776"
"77","18","0.6444849099985163","0.029646413489224185","0.047835998450471956"
"78","18","1.890760377857143","2.9774752476120856","0.9238287856505503"
"79","18","2.900581911666667","-2.360841828156009","-1.2342607251230548"
"80","18","-0.540081329432274","2.547979237022004","-0.13488077061685338"
"81","18","0.584525092638889","0.017856384388291013","0.050692066958370974"
"82","19","0.6228883655950693","0.03989702587262577","1.2600228190338958E-4"
"83","19","2.7049793935416666","1.2819454351726352","-4.218185281090912"
"84","19","-0.7062920336993411","2.4713583096478864","0.10215752785336482"
"85","19","0.5637553432909865","0.07165752693158697","-0.0014096336847121416"
"86","20","-1.7983087214166615","0.021221410567265175","0.08534287694449161"
"87","20","-0.8403561474345628","2.4629093981719623","0.6975227259871932"
"88","20","0.599295414606897","0.008319341113880364","-0.03997543252323754"
"89","20","0.6417210662678234","-0.6368061552511187","-0.7033361493895969"
"90","20","0.6069549217150142","0.021915932356854698","-0.018472527274296782"
"91","21","-1.6303022341131173","0.05478723140044761","0.0874872367359765"
"92","21","-1.1579368682738094","0.7371255836430188","0.26734798901407314"
"93","21","0.443250218038896","0.7804963740233404","-0.7255797078444937"
"94","21","0.6706687243335339","4.913331648493426E-4","-0.007694282233143723"
"95","22","-1.614521698213362","-0.019088785605817532","-0.014612140926116235"
"96","22","-1.4937826727932075","0.38276382096893413","0.4425557829472358"
"97","22","0.1464698798506805","1.3157707724541643","-0.6636565256192063"
"98","22","0.6863978201651993","-0.007876015095794466","-0.005864684184566413"
"99","22","0.6670149565714285","-0.04929831251304351","0.035465124213307164"
"100","23","0.6456298130950294","0.04712117341686266","0.063921544906908"
"101","23","2.3652849019913424","-0.5814395580078568","-6.242893486894597"
"102","23","-0.3463668582414515","2.6241859289654297","-0.9068945501375232"
"103","24","0.745282581228787","0.04378391781797134","0.09429655446865214"
"104","24","0.3607507766666667","-1.2523436093913438","-0.6701926991544132"
"105","24","-1.582898130887226","1.1632479160280247","0.6167287407495096"
"106","24","0.3490654855824262","1.0420177400771977","-0.6968710662022077"
"107","24","0.7094738070952381","0.02758011147194761","-0.05911762700430495"
"108","25","-2.1104705217234763","0.39847927972357444","0.5262266829710477"
"109","25","-0.1927715030799171","1.5723555700881031","-0.6933856347030269"
"110","25","0.5049413894292732","0.022466177270416776","-0.02260963799241332"
"111","25","0.827011298360806","0.25172385889123816","-0.6084019501494706"
"112","25","0.14716971193295453","-0.15951586931825046","0.7444649396922023"
"113","25","0.5037220538760638","-5.168567220380053E-4","-0.006209531147034618"
"114","26","-1.6315142993327723","0.019563506327166802","0.030386150184356697"
"115","26","-0.5126089062344875","2.442957873070837","0.07041345443271606"
"116","26","0.6631365619641946","-0.012480031853303736","-0.012966249548154604"
"117","26","0.6753478207032286","-0.7553132412495123","-0.37567600719618444"
"118","26","0.6639972367013199","0.00877096643375027","-0.012397210237186457"
"119","27","-1.612551175319633","0.04524381981059017","0.06311354790927512"
"120","27","-1.3254065998556999","0.33708163608634945","0.0631014382205285"
"121","27","0.18810709124089636","1.4236947923827528","-0.8766086031772848"
"122","27","0.6764542561631758","0.0019761004694918323","-0.004563529819953616"
"123","28","-1.7632903002027882","0.030935939653764344","0.026242510437470057"
"124","28","-0.6820538674489252","2.4682933556792523","0.3102720963345359"
"125","28","0.6179786651178073","0.014205686076654615","-0.04929985014193532"
"126","28","0.6543207218209237","-0.7277191311630521","-0.7508750600977167"
"127","28","0.6158735476350173","0.03515165386137914","-0.059407224236110334"
"128","29","-1.8788280925072152","0.004441066110325742","0.006996371909461008"
"129","29","-1.7850907925572257","0.3490180591170603","0.45742205264781227"
"130","29","0.24090441174977267","1.2233607234003583","-1.16090423048155"
"131","29","0.589143598952699","-0.009624846405017776","-0.018722824284208343"
"132","29","0.6049140181459628","0.053677014557984626","-0.029282572266013968"
"133","30","-1.7335003664229924","0.2235680563225051","0.32141387212932004"
"134","30","-0.3116307082425917","1.4973300093122033","-0.2181280010601939"
"135","30","0.6085074955545507","0.012299039025784789","-0.06881146469373355"
"136","31","0.7750908375489571","0.04900878803066593","0.05636849193950591"
"137","31","0.3403597066666667","-1.1686542918686902","-0.6323864692675546"
"138","31","-1.6967854318442772","0.734696685275254","0.4307051799942957"
"139","31","0.19766285852272075","1.4991413813627186","-0.8822558301461392"
"140","31","0.7365418864940957","0.060201692528666834","0.022186952210462962"
"141","32","0.6803553592729459","0.03971543263801197","0.04866668507454633"
"142","32","-1.3391745724038024","1.7102749470750904","1.497739352664058"
"143","32","0.5560261154262894","0.38292902788944105","-0.3734105503466234"
"144","33","0.6920363095007777","0.04371893131489586","0.07830121746263846"
"145","33","0.6535429166666666","-0.2947035258835509","-0.25793363132824865"
"146","33","-1.5655883249616052","1.3591890415122172","0.9684324716523014"
"147","33","0.4678198653365696","0.7223260908014906","-0.7178494567101853"
"148","34","0.6186455942817486","0.03873016387495052","0.030491233668510934"
"149","34","2.099593033271173","0.32305419328259777","-5.411334219404249"
"150","34","-0.728013438577807","2.455424301520103","0.13010577112266836"
"151","34","0.5733949992315872","0.07619043994307534","-0.054925759078672115"
"152","35","-1.3447765074336746","0.023471807678612594","0.07067198578960082"
"153","35","-0.17982391725187713","2.0009692573461257","-0.237252844440834"
"154","35","0.7948886105369801","0.017737214138123687","-0.0015178550282439612"
"155","36","-1.8866136025722107","1.2453320971577369","1.525378183496222"
"156","36","0.12064635552380953","0.2990197922896035","-0.07822692795190075"
"157","36","0.49150414504199136","0.04963631944033145","-0.08151745123790156"
"158","36","0.5259734057249005","-0.8740327104210046","-0.4339570808433708"
"159","36","0.5085275764757045","0.011214872989560812","-0.030408669873775183"
"160","37","0.6509023484894855","0.06034560132026804","0.010208538674276402"
"161","37","2.6932485593749997","1.2420083720116004","-4.170809241140739"
"162","37","-0.3376717101988939","2.608665770899329","-0.8982049323740976"
"163","38","0.7659610346757176","0.02638858019854668","0.062339680773492265"
"164","38","0.35868406","-1.1870695772983193","-0.6647616776221823"
"165","38","-0.6482519418957565","2.8491689349444917","-0.12323386361796829"
"166","38","0.6816959412316851","-0.0053991904131905355","0.050377778116543814"
"167","39","-1.4035483152616517","0.01918229935565291","0.02347479092216498"
"168","39","-1.3463310142600091","0.22001026308288554","0.26165561568437545"
"169","39","0.12196412263245994","1.5336209194464359","-0.6228051755654389"
"170","39","0.7746434342440568","0.016820243047101602","-0.004028172117232269"
"171","39","0.7663308245238095","-0.013304874470613404","-0.0034731853635828758"
"172","40","-1.4553932896673414","0.03176124055986909","0.0651722974507909"
"173","40","-0.3077770377211248","1.879354458529967","-0.22641278960359215"
"174","40","0.7233170794340262","0.014661278415591956","-0.02118787431241971"
"175","40","0.7417547203295001","-0.7204140090493706","-0.36637681153451684"
"176","40","0.7238810172549028","0.016553210137267016","-0.0030658169298788257"
"177","41","-1.2005544437722402","0.032545541022669204","0.07210955628790477"
"178","41","-0.13454515482730753","1.8943434921325828","-0.04369527005119478"
"179","41","0.8917986410737189","0.00777202881376958","-0.04522073847379378"
"180","42","0.7940109604605929","0.049517616768265424","0.040010935946544354"
"181","42","0.6419255383333333","-0.26308040907851926","-7.453559935921561E-9"
"182","42","-1.8285026041128403","-0.13230377980126357","0.5611388299303279"
"183","42","-0.6796511043589133","2.0721257666300525","0.04562375317240992"
"184","42","0.5740062060638499","0.19763185383967002","-0.03546499198746453"
"185","42","0.7263199856932774","0.07303252304622605","0.0047433810066047355"
"186","43","0.7549247730801529","0.05868875660543537","0.02141043923630513"
"187","43","0.32161434833333336","-1.2573786204671682","-0.593245657115445"
"188","43","-1.3742535865139576","1.6784021801833091","0.7167430885639853"
"189","43","0.5600521932008208","0.5675827588137808","-0.5135395628902331"
"190","44","-1.3945815481355885","8.08698071338293E-4","-0.014453619177415972"
"191","44","-1.313442708934835","0.310280340528437","0.3353910826607195"
"192","44","0.10435234622910218","1.2359700457629943","-0.42932320166946464"
"193","44","0.767102186891164","0.02158600479769534","-0.04686570872079871"
"194","44","0.777554185","0.010023949600167503","-0.019936983333506353"
"195","45","0.7882955579437578","0.05661843626257466","-0.00837747367621415"
"196","45","0.36424513666666664","-1.2388752169527044","-0.39858651092078307"
"197","45","-1.5099901039761021","1.1277658286499859","0.5992466424829577"
"198","45","0.4065907587585294","1.007492706542216","-0.7539413868787543"
"199","45","0.7557992101041667","0.01736946102766329","0.013551266888287117"
"200","46","0.5984280293867902","0.022865596045264835","0.03828359546789832"
"201","46","2.6769116201388887","1.2512459669366924","-4.24974631271558"
"202","46","-1.3510556193638426","1.4346593242335848","0.7002997522212289"
"203","46","0.43225034170303983","0.4907781036665113","-0.5442769577771898"
"204","47","-1.794623646210159","0.04534706947316963","0.06427283570173675"
"205","47","-0.4255812170519707","2.4041272294089815","-0.4902239814810422"
"206","47","0.6117990303981294","0.018992832658883893","-0.0223522157069376"
"207","48","-2.2061849830728377","0.2232251972823352","0.29517118182105967"
"208","48","-0.39383335649652784","2.0460605364059092","-0.7284044986024465"
"209","48","0.4978619957519531","0.007536195892204578","-0.01762630357473923"
"210","49","-1.5537718613817888","0.01585764756669579","0.01886814393633718"
"211","49","-0.5356594524267037","2.275518000803459","0.2380771265298759"
"212","49","0.6862813153184956","0.021344570141219883","-0.017958003038765352"
"213","49","0.7088558359974045","-0.5723615272268061","-0.24736590580368018"
"214","49","0.6937918257668781","-0.0028775932371567572","0.013613991641574563"
"215","50","0.813138892935286","0.059305350806697334","0.04067716315400871"
"216","50","0.4419799200000001","-1.1620557325481116","-0.6086463442501171"
"217","50","-1.4171131830037116","1.2912931116451116","0.5554391553063122"
"218","50","0.4866587081016813","0.8996349959059123","-0.7018395159022847"
"219","51","-2.2579897152699258","0.25273936801846936","0.33568076317784196"
"220","51","-0.2107282555835301","1.9216662130775002","-1.1282987973122562"
"221","51","0.48677859968739723","-0.010731173531734242","0.0039989617048722045"
"222","52","0.79883134580765","0.052630413117977184","0.032841237765988684"
"223","52","0.43514887833333327","-1.186933360162558","-0.670637535064297"
"224","52","-1.8843038485119046","-0.2040860496690713","0.3035499380881481"
"225","52","-1.3499554366763344","1.3213766440586534","0.51901341331297"
"226","52","0.3527593784912617","0.8592969714005161","-0.3069247763231054"
"227","53","0.6151215105538741","0.009107994414244668","0.05690931011954373"
"228","53","2.6384180020238093","1.5088605350339064","-3.8270159767541347"
"229","53","-0.7288321684200639","2.563517585632097","0.17335440015746809"
"230","53","0.5727461250001894","0.07010151306645195","-9.102708273078242E-4"
"231","54","-1.9107173656382028","0.08610588165964697","0.1765228161933593"
"232","54","-0.5250959194283217","1.9971639845919706","-0.21068177621762363"
"233","54","0.5543548151346501","0.038835119672974004","-0.07397795463292539"
"234","54","0.558957009446068","-0.7386780979447068","-0.25704698354882516"
"235","54","0.5697903502004217","0.0014618779312684828","-0.014736448957853615"
"236","55","0.5627537370853946","0.023011913144986587","0.01429513488545528"
"237","55","0.7046428922470236","-4.730919176137142","-3.74109835316945"
"238","55","-0.2529791538008035","2.5188436884509584","-1.5973748732674427"
"239","56","-1.8133643151213708","0.3896652315604633","0.5277201564721454"
"240","56","0.17695948772903888","1.2729752430210743","-0.9954437872362767"
"241","56","0.5860467633137971","-0.008119823396560269","0.022542921881591016"
"242","56","0.6286284832218566","-0.7985491032748038","-0.6350632110731826"
"243","56","0.5702063233361387","0.010087454618060057","-0.051368772542564604"
"244","57","0.6246171725872223","0.02513799708952879","0.02790335244733451"
"245","57","2.436930324126984","1.8331701726790919","-3.5751141442966285"
"246","57","-0.41404772790610467","2.636144196610069","-0.6672932057173141"
"247","58","-1.432388985514918","0.008388798572750544","0.015539944238926878"
"248","58","-0.39158208473878864","2.3045227383726536","0.1245049147080842"
"249","58","0.7459551267631465","0.0058516584094380555","-0.013816282871697075"
"250","58","0.7741601440834979","-0.6556221897641695","-0.483541868466431"
"251","58","0.7491248984450604","0.028246627135427353","-0.019282566634631945"
"252","59","-1.5854273830057124","0.01651530239883292","0.021579265176455142"
"253","59","-0.4213271539633374","2.3399777622492577","-0.07127592044798695"
"254","59","0.687771251398241","0.011758462833779508","-0.023501453405698744"
"255","59","0.7038562859849228","-0.7358611796027967","-0.36914318950261993"
"256","59","0.6788339472498803","0.03146073475043875","-0.0110431334685058"
"257","60","-1.2235658233752822","-5.779566386890783E-4","0.044841012372118905"
"258","60","-0.24532171848625198","2.165790672636515","0.2287611273749382"
"259","60","0.8787803784301542","0.018945012104553016","-0.038248460820772504"
"260","60","0.9000325700331855","-0.6792201653860797","-0.28854391697152376"
"261","60","0.8749075405840643","0.02429029944467008","-0.02512203828168655"
"262","61","0.642686460002834","0.04366775351691844","0.0013275021883265015"
"263","61","2.674737383125","1.2453543391014081","-4.075563475630454"
"264","61","-0.4046165909043434","2.6323466359981023","-0.6398430898353642"
"265","62","-1.6730263897484454","-0.011603171067706086","0.03285678534807407"
"266","62","-0.636021451782393","2.4075699800171253","0.3068893504431057"
"267","62","0.6449450602286374","0.012178511443826319","-0.035759079074999464"
"268","62","0.6711225820748196","-0.730022288609042","-0.603543901253329"
"269","62","0.644082998920801","0.015309908095363658","-0.01950319293827446"
"270","62","0.6429134717857142","0.03093285311271393","0.10211710537576252"
"271","63","0.78932202572579","0.042118236125690024","0.06036152880635068"
"272","63","0.38245132333333337","-1.1972452199082138","-0.496898563839288"
"273","63","-1.7137866570389098","0.6011332286691762","0.3385166812086299"
"274","63","0.07702777448180072","1.6715635895391965","-0.855970137429882"
"275","63","0.7396181735238095","-0.003987894563956318","-0.021591557574279885"
"276","64","-1.539441479425835","-0.006901016218492678","0.0016408259684449478"
"277","64","-1.4142795317140908","0.4333194577402379","0.4352143563941483"
"278","64","0.32525518793103836","1.1625547037720427","-0.8784125246640115"
"279","64","0.7070779750475418","0.006103706624545031","-0.012986178602851735"
"280","65","0.6065592148418002","0.04793683604212518","0.020706168320896015"
"281","65","2.6657297351388887","1.2943178933917325","-4.252361254461018"
"282","65","-0.2735460285225889","2.5983596304966925","-1.3472958783816318"
"283","66","0.7560902919972747","0.049286238945465626","0.05996938564131017"
"284","66","0.34079900666666674","-1.1424687667086864","-0.6610965087860226"
"285","66","-0.7596115469801498","2.794280466419923","0.1745329643269146"
"286","66","0.6832404718850443","0.06832865163054931","-0.05800559522519136"
"287","67","0.5811448668275557","0.011565964910552957","0.034479247987027076"
"288","67","2.633378204404762","1.4624679908774132","-3.975135834809123"
"289","67","-0.37205489947310155","2.7276072891836685","-1.232245993920299"
"290","68","0.7333102616853957","0.05336194990923122","0.017436173786332984"
"291","68","0.3043441683333334","-1.2730716762835574","-0.5383796596437687"
"292","68","-1.637187030921069","1.1571648852389045","0.5856427232761148"
"293","68","0.3062920492181147","1.1089450741360405","-0.7624140541950541"
"294","68","0.6971345910666918","-0.0022256323876519157","-0.0014034973281494556"
"295","69","0.5760747040347056","0.035255005938342604","0.0525538302643692"
"296","69","2.94268635547619","0.5814279588759919","-4.634199405889089"
"297","69","-1.1324967059872684","1.9724005987423334","0.6557299313242754"
"298","69","0.49920090260334","0.21050664830718896","-0.24619784560828595"
"299","70","0.571730504906262","0.02948493936083626","0.02358858765690769"
"300","70","2.7045161709722225","1.3299192205759804","-4.329302929936839"
"301","70","-0.6788153801561926","2.6308033946416134","-0.13904719483664868"
"302","70","0.5403343604431978","0.05015042557914051","-0.03274827938946512"
"303","71","0.7695933008067688","0.06035457255514595","0.06383184698723221"
"304","71","0.387134445","-1.1809775648966678","-0.5751472508621984"
"305","71","-1.1180970607138956","2.172027845032493","0.7373084757393841"
"306","71","0.6496809681843102","0.2905168631803967","-0.2679230451347413"
"307","72","-1.5161316229963127","0.01595725806239516","0.026707364792837057"
"308","72","-0.4694780376072096","2.227104412008704","0.16057920635804923"
"309","72","0.7018803170914958","0.039346205019538186","-0.03774320294002399"
"310","72","0.7114138920964453","-0.5040035839221684","0.09006387947590214"
"311","72","0.7144185322428172","0.012404946975191511","-0.024005872736328163"
"312","72","0.70823949125","0.07855528423613478","0.00600925100900751"
"313","73","-1.8269541069928694","0.03794090994515603","0.04294337122273273"
"314","73","-1.2227623975346322","1.351378738957562","0.4729740738797117"
"315","73","0.45134477852729504","0.4770842084721232","-0.527452285316687"
"316","73","0.5999359234622226","0.0020367357343944494","0.006295018494946125"
"317","74","0.5734524986419693","0.026930595481575934","0.016813420914908048"
"318","74","2.663247097847223","1.309673215899466","-4.2241739857408565"
"319","74","-1.4557515721989662","1.192297725387073","0.6836239334090742"
"320","74","0.41033242473701237","0.5382421423340387","-0.6331332955947049"
"321","75","0.7682899012873832","0.02053049128074888","0.044455470190513824"
"322","75","0.409776405","-1.2237629957143796","-0.5874184788732004"
"323","75","-0.6099098670043602","2.866936821480111","-0.1252852483841862"
"324","76","0.7725091462638438","0.05248349799621872","0.03836405609199821"
"325","76","0.36843962833333344","-1.181454034753322","-0.6779539494866764"
"326","76","-1.4460030101266586","1.3786407879767957","0.613877316119478"
"327","76","0.4588604933832084","0.8356903476395193","-0.6121652638843359"
"328","77","-1.6426717201819114","0.02674272608701256","0.00504147438464414"
"329","77","-0.7170665012432356","2.182027238015975","0.423673118181387"
"330","77","0.6605619726282224","0.021623295216803666","-0.03532384317766267"
"331","78","-1.6834272193519584","0.09649938930453639","0.1415787598023416"
"332","78","-0.2634588329326035","1.8211808001224081","-0.3885563712832788"
"333","78","0.6375507456807846","0.005675965692824424","-0.01689018807669143"
"334","79","0.7180976287093256","0.06832272595164071","0.03963010899566531"
"335","79","0.24315567500000002","-1.2587339155830748","-0.543146971478918"
"336","79","-1.817216249083092","0.8029947816324047","0.3767787824252951"
"337","79","0.3082261433631266","1.3376483437458204","-1.2199004060536816"
"338","79","0.6952049227380952","0.038575509980603606","0.011456770596834365"
"339","80","0.7395181221308905","0.06240907410816419","0.031372414458491246"
"340","80","0.31113053666666673","-1.2294042938548855","-0.5535025973213956"
"341","80","-1.5666189234064833","1.2987936599423546","0.617525471237198"
"342","80","0.40781420414405595","0.9402801685513545","-0.7273277128467809"
"343","80","0.7219058846930847","0.0222019185240106","-0.03273996177461347"
"344","81","0.6158592031034097","0.030559263139799495","0.05773163040456851"
"345","81","2.6269547641666664","1.2544921015047037","-4.091613366437049"
"346","81","-1.834194175300802","0.1286870183041146","0.31512576874438847"
"347","81","-0.5200952354113848","2.0255999610867845","-0.3067973709220536"
"348","81","0.4907311657360248","0.07920957651977267","-0.08767817004081024"
"349","81","0.5722141801556777","0.011959519042319428","8.397208255203348E-4"
"350","82","-1.4464761549924714","-0.013406072807603461","0.006426115594874743"
"351","82","-0.9825254166296767","1.3583817025142604","0.8464614688907848"
"352","82","0.6814121069652372","0.24699082554595758","-0.3653803080102795"
"353","82","0.7497416674379017","0.0031221643563127364","0.005023506005876546"
"354","83","0.6354645282322473","0.03850488901767959","0.04037533467558313"
"355","83","2.6606743607638887","1.294752813514577","-4.089342039239044"
"356","83","-0.7173301317687539","2.43669211698675","0.223137762740675"
"357","83","0.5666508856236807","0.06349606313657842","0.024080006089236466"
"358","84","0.7418902313676852","0.048908163703287336","0.07967113678825154"
"359","84","0.27927344666666665","-1.1965139826982742","-0.4584358989298347"
"360","84","-1.4560195739677666","1.5551228494129095","0.6849759455793798"
"361","84","0.4742682882749706","0.7010811135699856","-0.5634906077195804"
"362","85","0.6901937391716836","0.06109169551957953","0.03190167486797656"
"363","85","0.28743576166666673","-1.249106778822921","-0.7073877445809817"
"364","85","-1.7365339663328907","1.195621645565036","0.664787796303052"
"365","85","0.35076512483304356","1.07603179427017","-0.8906407318927737"
"366","86","-2.0045257897916966","0.07810122273152514","0.1080461162325862"
"367","86","-1.5676702340277777","0.5434698759335137","0.01686157525245735"
"368","86","0.1287641330455381","1.3320288304761538","-0.9899155712954457"
"369","86","0.5478779820493408","0.00842559009319177","0.008970586242903457"
"370","87","0.6826706534435659","0.028922716054123727","0.02531638077959722"
"371","87","0.7239502896917194","0.03984330070876785","0.02133122916076935"
"372","87","2.6853462629861116","1.266952327068347","-4.015693418589166"
"373","87","-0.6248313062615881","2.3994264707203237","0.2074803394064151"
"374","87","0.6151702308646616","0.017303670809788257","0.02290213354822465"
"375","88","0.6234912671818165","0.047276367391543124","0.025838979131617132"
"376","88","2.690344799652778","1.2605958045276178","-4.207836977128801"
"377","88","-0.7232344597633823","2.4618284023526518","0.17663474542636112"
"378","88","0.5684055797858786","0.08659599057737254","-0.04471755981768272"
"379","89","0.6225989124667205","0.041248364113917635","0.04123059980555831"
"380","89","2.6807235627083337","1.280687769987249","-4.1845868373393635"
"381","89","-0.6775754011733569","2.5158207337223977","0.08648258760466812"
"382","89","0.5878089058278643","0.06352705047871926","-0.040380694188208596"
"383","90","-1.7916042596140647","0.031250752473477916","0.0627040263787787"
"384","90","-0.6269674294027494","2.4507211638015787","0.10642417259746835"
"385","90","0.6062409356134908","0.0016813796504349804","-0.05113440959027786"
"386","90","0.6483141806318","-0.642882972329007","-0.4663615321215062"
"387","90","0.6000217022716511","0.003641564798735168","-0.010754590589593563"
"388","91","0.6232065842136499","0.03574575609854609","0.019801072284590562"
"389","91","2.3787431290178573","2.8481125359026005","-0.44720413713206186"
"390","91","2.8674257583333334","-2.4057202345285704","-1.1786946743961026"
"391","91","-1.401674561328379","0.9603502903364843","0.5488387985141022"
"392","91","0.3527752669928932","0.8287825977611395","-0.7457409470039458"
"393","91","0.5938078428427128","-0.015124990494228385","0.043299745872947104"
"394","92","0.6455313691922094","0.04386128922811622","0.04014190383165055"
"395","92","2.69222417","1.2352901604561706","-4.179318817243285"
"396","92","-0.6234702605693628","2.525065490939825","0.014268094054075364"
"397","92","0.6021728068665345","0.07412828383583014","-0.02157140391949805"
"398","93","0.705166584404638","0.04472012871059928","0.050402574957944285"
"399","93","0.27472987166666674","-1.1999124482480592","-0.6155620925587281"
"400","93","-1.5882300008317027","1.2888261100291132","0.6194068192579651"
"401","93","0.44801733924289044","0.7559947565171671","-0.6645371404575353"
"402","93","0.693837465","0.09855316267517289","-0.011688665220824124"
"403","94","-1.6687456452767513","0.050451227987489286","0.10275089598615522"
"404","94","-0.46161114161711375","2.1749475883980134","-0.10948519289786238"
"405","94","0.6330301340343092","0.018390191519348807","-0.007243991557417118"
"406","94","0.6579502274369747","-0.7636511381154077","-0.3985175643277854"
"407","94","0.6351957506665573","0.007330138997985423","0.0015301123103425157"
"408","95","-1.3737866486202095","-0.0014302472586363718","-0.007363147207577719"
"409","95","-0.35380940564496066","2.3052072231745235","0.1667709424059094"
"410","95","0.7788421139770431","0.015567019906609567","0.007447963523707898"
"411","95","0.8181060745295815","-0.5906817256089403","-0.7915146422736206"
"412","95","0.777143705791385","0.0338233132339895","-0.04273240994576241"
"413","96","0.7244848570098462","0.049724275921191066","0.037005038310521224"
"414","96","0.3029707066666667","-1.1707170084959322","-0.5949975343866569"
"415","96","-1.6639570937452168","1.131796552060466","0.5436743997164633"
"416","96","0.3541420988511904","1.1175558524391063","-0.8782906559973257"
"417","97","0.820462480572877","0.023587739978766592","0.046277807482049946"
"418","97","0.8118220133333334","-0.17537104493276867","-0.09061802624320514"
"419","97","-1.6039643208845986","0.239659204193687","0.9958550305603975"
"420","97","-0.3314037062724782","1.3884459084578762","-0.20154010056215044"
"421","97","0.38763427166666664","0.010137979165083966","0.025720513528829925"
"422","97","0.5963965053683385","0.25516247416310783","-0.10324253995487925"
"423","97","0.7410362035079051","0.07695724720743397","0.038430178163435524"
"424","98","-1.909337915993728","0.17394058423540779","0.20065323175796462"
"425","98","-0.2699160760728977","1.8310242934002599","-0.6456020401608739"
"426","98","0.5571692169647755","-0.0036485434668887887","-0.004774458681932908"
"427","98","0.578945699603715","-0.7523307049474871","-0.5559520553612922"
"428","98","0.564391303256634","-0.0013201957886337413","-0.03039691083882047"
"429","99","-1.4309805866540632","0.01347323220516583","0.020355899413394524"
"430","99","-0.38303703440679737","1.982256462402516","0.047908508848366754"
"431","99","0.7499396861786001","0.013544101593581742","-0.02606408907220007"
"432","100","0.6107376035794497","0.0481086401707707","-0.02654443673554452"
"433","100","2.5846675011904763","1.5466265475631886","-3.869681886717513"
"434","100","-1.28548186959231","1.6801377905511345","0.8441724789477761"
"435","100","0.48230529271615386","0.3878632187546745","-0.43088373795978624"
"436","101","0.7278423486989682","0.0335833833600201","0.046850860545957634"
"437","101","-1.402777625526425","1.1727580229588221","1.5343423631990116"
"438","101","0.44194777142497893","0.7125548971063073","-0.5138305570077595"
"439","102","-2.0382005928193885","0.02485532493585152","0.011335558550370939"
"440","102","-1.4745819459327123","1.3015685161226844","0.4749887721305757"
"441","102","0.38937810804142226","0.5998015934717742","-0.6236014408040935"
"442","102","0.5565848205317697","-0.019450094335905582","-0.015148061508705783"
"443","103","-1.7452538612268098","0.005922963733406311","0.038849642069276324"
"444","103","-0.6688388309307792","2.454050668842717","0.33325485869008475"
"445","103","0.6261353624165518","0.006995032150755545","-0.028398556505054337"
"446","103","0.6311274315886776","-0.7764831587149083","-0.39017163759727924"
"447","103","0.6198116761164219","0.01897301174836498","-0.00972214304477477"
"448","104","0.5671256681439456","0.04502421245393103","0.0280281308529155"
"449","104","2.787277991547619","2.7167950421677154","-2.1150596530622385"
"450","104","-1.2312806135911945","1.8086187394150688","0.6921349777436586"
"451","104","0.46401236998842554","0.31611797232668","-0.34080001501837326"
"452","105","-1.2550232331238662","0.024005426765828827","0.03774100486957557"
"453","105","-0.13842504037969652","2.020782911261245","-0.14997199892092977"
"454","105","0.8559629189374575","-0.008086035430989378","-0.015074549168544976"
"455","106","-1.3627990990714103","-0.004335378661120451","0.0204015133556473"
"456","106","-1.2219184171130948","0.2552651966489256","0.1405981749215114"
"457","106","0.23382793668067398","1.5050966600588418","-0.8440686001945719"
"458","106","0.7873192020735177","0.0017211256012813134","-0.004360583783220115"
"459","107","0.6094733012893208","0.032556265857060555","0.02905470382460648"
"460","107","2.6917302170833337","1.3262672130988566","-4.167676107877873"
"461","107","-1.36683067673352","1.2449373044823435","0.6533872496367944"
"462","107","0.4236206103177432","0.6236314049267163","-0.6180538211568148"
"463","108","0.6293151837231067","0.02482963568256486","0.06602243053894852"
"464","108","2.3604569434926184","1.3085428265968029","-3.9717146715471783"
"465","108","-0.6366046343043037","2.4104932509674395","0.15280258367710647"
"466","108","0.5230833","0.009234359598521147","0.029760141762061598"
"467","109","-1.3500908118169268","-0.005923407490380783","0.00801181924599964"
"468","109","-1.281851392878048","0.27014684116033516","0.40056997555664825"
"469","109","0.5237855231057859","1.0537879265824572","-1.1024107498170037"
"470","109","0.7981388107911404","0.009366366573077121","-0.0033379120792638023"
"471","109","0.7993822820923522","2.8093864098910348E-5","-0.004488610968286233"
"472","110","-1.8146317525923146","0.03437205857820372","0.04276895001332831"
"473","110","-0.5914489918682484","2.1882704805408983","-0.020378713549202676"
"474","110","0.5995932871459285","0.010659379558895014","-0.018779510675239294"
"475","111","-1.7646801442093658","0.06192968604531504","0.09630160562895307"
"476","111","-0.4737120357420599","2.253450455543973","-0.19343868267652733"
"477","111","0.626309593638945","0.01621686063245477","-0.002687467739447287"
"478","112","-2.0220127102937404","0.23182953261058062","0.3382582683430562"
"479","112","-0.05604526863881137","1.732364704960092","-1.0898277381530235"
"480","112","0.538021281589145","-0.006849257992432998","-0.010135396873968701"
"481","113","-1.5431114008157787","0.0167133567285479","-0.0012763033743781182"
"482","113","-0.5308577165027851","2.517863888421943","0.3818819853121619"
"483","113","0.7063095648585989","0.005338661490219776","-0.014888979913164416"
"484","113","0.745718500133399","-0.7806012279573159","-0.4624513947345348"
"485","113","0.699205024242958","0.009287204908771565","1.0311366335549743E-4"
"486","114","-1.9467433212249245","0.10626994714032786","0.1382951427318811"
"487","114","-0.36466891251851935","2.0703073447872566","-0.543523930152443"
"488","114","0.5705367844534596","0.01642035305565652","-0.03464764638030826"
"489","115","0.5825581585704103","0.026131444604476133","0.014427924792505"
"490","115","2.3816119381096685","1.8342879458942536","-3.643539565249961"
"491","115","-0.816712286172408","2.4675067459995446","0.2985027149497445"
"492","115","0.5285737730583776","0.07735098659667494","-0.021892000844638188"
"493","116","-1.4171884632486504","-0.0021064171229445983","-0.006724853323311658"
"494","116","-0.4223178565230454","2.323678487978283","0.2947721211831624"
"495","116","0.7565425898366822","0.016167350753057357","-0.044179120988588574"
"496","116","0.7785203382039338","-0.5563677678618635","-0.49678688532226317"
"497","116","0.7588189429403485","-0.008667853164656902","-0.013027583067888954"
"498","117","0.7473777455690918","0.050251503875102146","0.042132245343229235"
"499","117","-1.3476464621021533","1.4542961351558046","1.2086052453637075"
"500","117","0.47618581393890236","0.6275815608537721","-0.39185270467066147"
"501","117","0.7217349846153847","-0.0354846499449252","-0.08746558779428626"
"502","118","-1.7790059323021337","0.16224799900608242","0.25323787924179764"
"503","118","-0.1591262496082374","1.833346448540821","-0.6636963488195744"
"504","118","0.6161784701617838","-0.0057668404771005245","0.007117020523420593"
"505","119","-1.675262753234324","0.02348347622647609","0.05687298154461934"
"506","119","-0.5426873675003934","2.22958271818789","0.11574901587981824"
"507","119","0.6575730161941833","0.01673993221530798","-0.03759753205906654"
"508","120","-1.3650810078587674","0.032353114798115146","0.04621051936645637"
"509","120","-0.31023295834153924","1.9725468662881942","0.024299690096857285"
"510","120","0.7907830908320184","0.005979082523516151","-0.02470605669375795"
"511","121","-1.5027681091822167","0.013312071478603776","0.014051628658128756"
"512","121","-0.3994017227019009","2.17606554454776","0.01685199304246704"
"513","121","0.720721244524431","-0.01006195308403766","-0.006258074427618415"
"514","122","-2.0016530056238686","0.20642488829322064","0.29284056407802544"
"515","122","-0.41200830792491094","1.852055344162827","-0.42730279775095803"
"516","122","0.5280525039605812","0.053152564051482304","-0.038286926627954396"
"517","122","0.5423263908863202","-0.7173753426888864","-0.4352611131208438"
"518","122","0.5372419734295184","-0.008959925209563308","0.016107145527729426"
"519","123","0.7125178620789475","0.03275617759924168","0.02680933236221661"
"520","123","0.30961753500000005","-1.1759947491719296","-0.5934087708208436"
"521","123","-1.0102489559792618","2.6236267960217625","0.5881495055787019"
"522","123","0.6454479754763744","0.1513131048819749","-0.14539701236330718"
"523","123","0.6817115469734433","-0.04438473425360831","-0.007045561463800476"
"524","124","0.6228034295671958","0.017037702294789334","0.04099700220628881"
"525","124","2.6674149847916664","1.2401541322364356","-4.1696328467094705"
"526","124","-0.7150165271763187","2.4729410780004226","0.1599626563951858"
"527","124","0.5681647993185595","0.059540719472656586","5.636905596357877E-4"
"528","125","0.7863239262199465","0.04963571303392134","0.05692292021996756"
"529","125","0.42147833999999995","-1.188596276162143","-0.6546318424705128"
"530","125","-1.7765188333059136","0.3321284689642918","0.24501087516316394"
"531","125","-1.0138385503123906","0.8831395678636627","0.028963224495998863"
"532","125","0.35012631171987146","0.9272533965363661","-0.4648380368388247"
"533","125","0.7354457057653458","-0.012130310758576901","0.008454159515406456"
"534","126","-1.7565879974505225","0.024697835336101953","0.10107914288938169"
"535","126","-0.4362119617845485","2.296721439246762","-0.32695380191900913"
"536","126","0.6239936710774412","-0.0057263810504606764","-0.017633403095544946"
"537","127","-1.5354496206269999","0.009249727213436934","0.023649433821222143"
"538","127","-0.3945930984018425","2.361001473756179","-0.08425513248680563"
"539","127","0.7057942522531657","0.00656119266300562","-0.011061855416733143"
"540","128","0.7894348247768679","0.0394909444895025","0.05074729162358588"
"541","128","0.38716347000000007","-1.2514067950710541","-0.6208801852045354"
"542","128","-1.2526263831484785","1.756483879726398","0.7218558590827662"
"543","128","0.5259395036697804","0.5523223672810909","-0.3503382724453525"
"544","129","-1.3786294095657379","0.01096405776839321","-0.005617290815954384"
"545","129","-0.8027628938026716","1.4676292074300479","0.7151165843446394"
"546","129","0.7234779395462387","0.2503403466812683","-0.2703616670695605"
"547","129","0.7836114200463375","-4.49774495076008E-4","0.00982251165064793"
"548","130","0.623265323052451","0.020657749825077065","0.033410244097294484"
"549","130","2.675524742847222","1.2775574201289728","-4.204486027707834"
"550","130","-0.6226736658594093","2.5536567992263492","-0.07255144542715836"
"551","130","0.5773737496568143","0.04270656325883286","0.0068861801122704625"
"552","131","0.6064920164331435","0.06212368168321884","0.03836927222555099"
"553","131","1.201735655","1.4772268768439418","0.654232145319535"
"554","131","3.51706522625","-2.0877203490211147","-2.8186824683645355"
"555","131","-1.3010018701846868","1.6673754000059793","0.7189089822856183"
"556","131","0.46446475320307135","0.4408460609761396","-0.46558604670888654"
"557","132","-2.020469472709627","0.1032653255779929","0.13905383910112012"
"558","132","-0.2689829297670139","2.124587282149949","-1.032699499006814"
"559","132","0.5393392867444015","-3.8025847483941395E-4","-0.014579756983621305"
"560","133","-1.2468226075196704","0.022528012266662803","0.01289609981122955"
"561","133","-0.24401288667406554","2.0874758286762787","0.14705740675032766"
"562","133","0.8618460454727678","0.012974520806881926","-0.03109268136725965"
"563","134","0.7878388745179129","0.021374363802801784","0.022994721820949263"
"564","134","0.3641322433333333","-1.166946576374968","-0.5308003059879152"
"565","134","-1.9542693059436271","-0.05711045852498131","0.21338376418929927"
"566","134","-1.1143903950425111","1.7887928955855776","0.3880041425194653"
"567","134","0.11938941241125542","0.13158896021064698","-0.04890330894105982"
"568","134","0.5832861039885242","0.3576116373059592","-0.19128271703649086"
"569","134","0.7379524127075101","0.010836068071750332","-0.05447558822234355"
"570","135","0.6254631011496609","0.024645060031059936","0.03587248481023492"
"571","135","2.671169777777778","1.267866777004272","-4.217560441864122"
"572","135","-0.5302012242894688","2.6050046690032866","-0.3044617387197733"
"573","136","0.6249255269246266","0.027882074372209367","-0.007257604786502336"
"574","136","2.6223218921428573","2.808434375778547","-1.5434596972451624"
"575","136","-1.3051510187501192","1.415765568232731","1.0623501706003515"
"576","136","0.4565252983732941","0.4844056697743796","-0.4685499929343639"
"577","137","0.7203888256053775","0.05386742520701142","0.051419170981230555"
"578","137","0.33544479499999996","-1.2576024014315061","-0.5646079022211296"
"579","137","-1.1647211308558072","2.288676844922382","0.7088678543927425"
"580","137","0.5840938465718173","0.301929122205423","-0.21704072875779412"
"581","137","0.704603883022533","-0.02149530162900476","-0.009884667064102903"
"582","138","0.5860431136410151","0.028473279954493898","-0.009221157251614778"
"583","138","2.6915784943750003","1.280570904189135","-4.334047033405055"
"584","138","-1.5015622479210675","1.141213946586561","0.6274819818431879"
"585","138","0.3643996338819372","0.7335378923044206","-0.7924212369853549"
"586","139","0.6202593083885868","0.04987838316391324","0.023775658250116585"
"587","139","2.5818923085714287","1.3346047891641994","-3.912248107978881"
"588","139","-1.2124503914976894","1.8173811846612367","0.7430485135598047"
"589","139","0.5112425855268564","0.32889533452650477","-0.3457189567729893"
"590","140","-1.8384701178484404","0.07536111406607979","0.14683709266668798"
"591","140","-0.29690333657019685","2.0503217800810942","-0.6574924743356794"
"592","140","0.5837631912611111","0.016469576926635733","-0.019622277566378465"
"593","140","0.6068325683232823","-0.7526175157360182","-0.20039700369833843"
"594","140","0.5808425756812299","0.013728517165536202","-0.018001070170980363"
"595","141","-1.3971822888033287","-0.01462387598553161","0.007059262385431003"
"596","141","-0.39072655326345884","2.277136924765533","0.24774165902463113"
"597","141","0.7628967819390707","0.008672928530283688","-0.01919867462731284"
"598","141","0.7738158143997345","-0.5856821962012514","-0.32925083535271477"
"599","141","0.770900516938604","0.006366404036919411","-0.019658803558424406"
"600","142","-1.3567849976244886","0.03741074131257467","0.04111854067881618"
"601","142","-0.4023287718683246","1.6920713744408762","0.18550862453742276"
"602","142","0.775922001210717","0.08108778434725661","-0.06575574859463253"
"603","142","0.7904881328216377","-0.874590883648516","-0.2506580106643227"
"604","142","0.7792550720307329","0.02068519757750012","-0.03144333385287704"
"605","143","-1.658886807402923","0.02704971778532947","0.00519025983707927"
"606","143","-0.6666945680754653","2.4372974438670703","0.5026998732515452"
"607","143","0.6479839384026198","0.020153489960631897","-0.001187409680785595"
"608","143","0.6582265454072511","-0.717775820442012","-0.15355208088206918"
"609","143","0.6514425827374791","-0.010557502892801184","-0.01376371370852282"
"610","144","-1.6891842126425183","0.02858282095240469","0.008871099445102337"
"611","144","-0.6021702231754241","2.4269644863492483","0.18415499774345823"
"612","144","0.6458733234524854","0.006149466600079749","-0.022871430057929493"
"613","144","0.6573435619068322","-0.6476272146957703","-0.47591326207963036"
"614","144","0.6419334587080766","-0.0049109083340831625","-0.003607855221836112"
"615","145","0.58900925565222","0.03384391759023432","0.03721337151209621"
"616","145","2.797696489166667","1.0407507729613932","-4.648219256627602"
"617","145","-0.3591813948737671","2.6834454517809236","-1.1646478251043755"
"618","146","-1.614984224173792","0.041210019070737125","0.08197908689375269"
"619","146","-1.2597847314568766","0.4994784550101795","0.08378854887727083"
"620","146","0.2942473918840369","1.1622094687850042","-0.9223507941316296"
"621","146","0.6734030924710034","0.013118817854864684","-0.016672218212098862"
"622","147","-1.8376769514612703","0.1145004278270631","0.1529587096024791"
"623","147","-0.42183110071106283","2.181963180124649","-0.2520035738595134"
"624","147","0.5969132835442039","0.01187238617887796","-0.014932673429015268"
"625","148","-1.3447499488684902","0.023330084490619143","0.023989066579972906"
"626","148","-0.3069141393209472","2.053097409311739","0.07839633856614145"
"627","148","0.799198288904858","0.00952279241265306","-0.01598843991985919"
"628","149","0.752193848355499","0.04455532740566655","0.06392910427070483"
"629","149","0.3185119900000001","-1.2090251745786187","-0.6996683087198978"
"630","149","-1.01269423755852","2.4975794231263686","0.5510228388992642"
"631","149","0.6558757351991052","0.19133223607300467","-0.1798144614193743"
"632","149","0.7238439741004472","-0.023448518436433086","-0.012064790969289918"
"633","150","-1.9498941793253708","-0.0019688953426714173","0.009588966508696284"
"634","150","-1.5780222181497034","1.0375709897528493","0.5937304378553323"
"635","150","0.3036530882124171","0.8797179641514566","-0.6916631382089209"
"636","150","0.5648241830468579","-0.0063585445032633345","-0.015151478319674686"
"637","151","-1.5324296870218734","0.021132901966894158","0.004082119391905448"
"638","151","-0.4795829349010816","2.4331635183720492","0.2353743267978698"
"639","151","0.7036596495416345","0.019616567052814032","0.006133921214498753"
"640","151","0.7393987972401657","-0.7056645314217402","-0.3217562097965565"
"641","151","0.7070811978863628","0.008726260492324563","-0.01814595727201325"
"642","152","0.801335231326511","0.04794207194850412","0.030049222769201814"
"643","152","0.43420105833333345","-1.223068356738004","-0.6380543127592825"
"644","152","-1.6632225548907378","0.6881308706650905","0.31090776329093606"
"645","152","0.1742939157156549","1.5537205341529052","-0.8253158354945158"
"646","152","0.7620563217085904","0.04452038043579734","0.06590422377113192"
"647","153","0.5836066199765697","0.04500304398944733","0.02804429490162752"
"648","153","2.591899980714286","3.0774382959330824","-0.8968159904062363"
"649","153","-1.1386699275102448","1.3484786110442328","1.6743622799202953"
"650","153","0.47653338114502924","0.3203432469552083","-0.33822793591508593"
"651","154","-2.017226246443472","0.06285211620851183","0.05070156942535714"
"652","154","-1.398723777092962","1.137993809612971","0.35875337005367935"
"653","154","0.36773782826479917","0.6621791625444503","-0.7042238123425362"
"654","154","0.5486257750504895","0.0027371005179107274","0.012834924415461184"
"655","155","0.6943946469217784","0.044750068258812274","0.030474651379032866"
"656","155","0.29229292666666673","-1.2203308590968955","-0.6484862034269124"
"657","155","-1.3901059649119876","1.9668903710539678","0.6856514299348061"
"658","155","0.5529359473822377","0.45409188673929285","-0.4573464584814509"
"659","156","0.7646438433403214","0.04857732320502203","0.004813396805518372"
"660","156","0.39508684","-1.233581220979878","-0.7106139061911187"
"661","156","-1.0795988514179182","2.311412404920148","0.6719978306966012"
"662","156","0.6602474856688956","0.23920706762294747","-0.2118425906432157"
"663","157","0.8394272573693716","0.06342621863567148","0.056580520054910766"
"664","157","0.5519275025","-1.2327337926056146","-0.7987078234969125"
"665","157","-0.29840354594080226","2.9051613573972968","-0.8121916044489279"
"666","157","0.809031815","0.06246456774086151","-0.04851460290634679"
"667","158","0.7371906403217832","0.05035684789214819","0.043003560111390046"
"668","158","0.3205825583333334","-1.1913440448645403","-0.569438509687162"
"669","158","-1.7005244550774048","0.966008326111362","0.5040601524128305"
"670","158","0.3742944958114554","1.1661633694082005","-1.0729656271458208"
"671","159","0.6126074534712939","0.018218991294912168","0.019815571632280482"
"672","159","2.6727401655555556","1.2881810410814247","-4.1854834752872945"
"673","159","-0.6866965774962658","2.532824634171551","0.08303354067726572"
"674","159","0.5672277605754215","0.06619498025351256","-0.05063729003920986"
"675","160","-1.3350403216172184","0.006867674264077583","-0.008472792025907255"
"676","160","-0.37647170412696795","2.171452189541119","0.31884251366565175"
"677","160","0.791092273841561","0.0191572471634295","-0.0053410839553013345"
"678","160","0.8274212138524534","-0.5749382956928897","-0.6269454361805855"
"679","160","0.8008428727348228","0.005138178914405198","-0.04195116492713111"
"680","161","0.691553408299186","0.047115570689901305","0.08546879488087882"
"681","161","-1.4611773607880914","1.3600706714970643","1.530462424198794"
"682","161","0.452738626349188","0.6642245370938774","-0.4859555568829497"
"683","161","0.6714470125595235","-0.015841469064193786","-0.05073098643138235"
"684","162","-1.6500009617832294","0.022235536768895642","0.003164986211480314"
"685","162","-1.4016970762344878","0.6451773886289776","0.3621267915037745"
"686","162","0.29809597572117164","1.1168142238581573","-0.8087640980334216"
"687","162","0.6584649292326006","0.0017696995983736245","0.003287352664398696"
"688","163","-1.6961141298298925","-0.0032504155327796325","0.03231506529602035"
"689","163","-0.605204244497279","2.398023420993347","0.27162010768720746"
"690","163","0.6346818969694342","0.029070850785042637","-0.024159234528748783"
"691","163","0.6659297828003803","-0.6261999008091873","-0.7092637019201533"
"692","163","0.6403919925664592","-0.0015618419199957961","0.004112698586309624"
"693","164","-1.3783598377316828","0.002829072592410109","0.027380469384940515"
"694","164","-0.5221206061920945","2.000079826455394","0.4770261921324791"
"695","164","0.7749575896284049","0.05046780747526702","-0.05267593099059703"
"696","164","0.7925658659730209","-0.7131925588604265","-0.33606903437397595"
"697","164","0.7739623818063948","0.014915484360502246","-0.04392180071022425"
"698","165","0.7184992669414214","0.029204734506035696","0.030993131680337516"
"699","165","0.3536459016666667","-1.1757211371058576","-0.5200992076429138"
"700","165","-1.3975365977117524","1.747850269772481","0.7412363222525487"
"701","165","0.5273219402471395","0.5478320074483626","-0.4933657097583662"
"702","165","0.704306793125","0.025029037062712867","0.005422771705837104"
"703","166","0.7127853031134861","0.03433743686012291","0.051183626052325654"
"704","166","-1.3800938412857846","1.4295362619903669","1.4372093654107396"
"705","166","0.48508561464882977","0.6170730897032006","-0.4787560988759607"
"706","166","0.6890324292380952","0.02722330765007025","-0.04714575130214915"
"707","167","0.6098915799115042","0.042929846531007246","0.028550314820231515"
"708","167","2.680491699236111","1.2993810712221272","-4.1955467639689745"
"709","167","-0.3832406782819609","2.6524824616749916","-0.8859239201946544"
"710","168","-1.89849110068326","0.029025041723276357","0.00421234226572359"
"711","168","-1.3751785582756915","1.2212776677268775","0.5853579130989734"
"712","168","0.2680083888948341","0.6427960663219319","-0.2992277158108515"
"713","168","0.5778326034151245","0.008215849446244226","0.0063996043137050825"
"714","169","-2.04287454431673","0.02014933287369669","-0.010620614662143257"
"715","169","-1.5999681001476957","1.3677488938222437","0.9211974182363108"
"716","169","0.39585778511891634","0.5434898991288178","-0.5477750713617728"
"717","169","0.5496594586027794","-0.0052447286916285085","0.0028296083643888845"
"718","170","0.7124124742513613","0.0448496079506212","0.026653332492627052"
"719","170","-0.8360869498584416","2.572619537622385","0.9141015886684104"
"720","170","0.6414654073156391","0.0597690907118435","-0.05259842360140954"
"721","170","0.6847868416479789","-0.0047814543519548725","-0.03640542953563794"
"722","171","-1.5050202860118689","0.015265120161988","-0.01533961297232242"
"723","171","-0.5011882444968636","2.3185910140838377","0.35272317735780334"
"724","171","0.7084141354496466","0.01958364202985962","-0.05249636898836538"
"725","171","0.7124913071558441","-0.5505423559855908","-0.4277790543178081"
"726","171","0.719304951486758","0.014238138545510218","-0.009592076235542077"
"727","172","0.743977276345543","0.0696918476107315","0.018920774785153194"
"728","172","0.31913590000000003","-1.2685894145819523","-0.5761697376662698"
"729","172","-1.6072949603667168","1.1762389222589429","0.5599045513486967"
"730","172","0.2957924258355884","1.0973296553635052","-0.6377873876032861"
"731","172","0.7143991162372779","0.021977091914647584","0.004773475175291225"
"732","173","0.6035076003927997","0.03028886767131602","0.049036114517250734"
"733","173","2.6923197068749998","1.279316294630048","-4.2015881522438585"
"734","173","-1.1475449604460943","1.8160229699135801","0.6826858095908251"
"735","173","0.496922497363923","0.3157217741944328","-0.3232978837731239"
"736","174","-2.0229736740356334","0.29239212262398256","0.44036688447692546"
"737","174","0.04873361185343299","1.493188081892782","-1.1484312005544648"
"738","174","0.5395575667517502","0.024008332915332095","-0.03338584974227704"
"739","174","0.5177442553707459","-0.7091237354659164","-0.12420884785875913"
"740","174","0.5379125162242252","0.0023200326122019103","-0.013911686071604673"
"741","175","-1.4764064444770062","0.0216646470714255","0.025001818240553836"
"742","175","-0.3272642296725426","2.2158315037168865","-0.10257866392597834"
"743","175","0.7333794554076782","0.0029076205824202714","-0.004190177044946536"
"744","176","0.6133034265578551","0.037278489044496925","0.03007173447147482"
"745","176","2.4267204580086577","1.798907135047247","-3.6193334617352493"
"746","176","-0.7387705275419288","2.4833643980295133","0.20331489478733625"
"747","176","0.5655838766562858","0.09863678850734134","-0.02091100798558522"
"748","177","0.6309792434990663","0.02428071386022425","0.06049153049548106"
"749","177","2.2217763312016316","0.1831398813083417","-5.2313168840718465"
"750","177","-0.3801956227605605","2.605097555676871","-0.7962476216723009"
"751","178","-1.7712544865040485","0.026461853293829607","0.05249142459252221"
"752","178","-0.7417317399077822","2.4253842757769317","0.34133909010860786"
"753","178","0.6076906491416619","0.012819270543195947","-0.03367798412450439"
"754","178","0.6126845554345239","-0.7205499448212922","-0.19165787079914565"
"755","178","0.6134844177882706","0.013284560895337062","-0.018239495888373772"
"756","179","-1.3191100021800526","0.017003777730240727","0.020888841051956597"
"757","179","-0.2878072225732962","2.159827618936811","0.061965993763840405"
"758","179","0.8124708225174043","0.008254840061207656","-0.008479516565870399"
"759","179","0.8810412378819578","-0.32116110448884133","-0.9352002625441447"
"760","179","0.5323601825","0.24680737258511432","-0.004831667734932044"
"761","179","0.8060683988266227","0.012014378400883235","-0.010214342871570303"
"762","180","0.6115927414625799","0.024924714118511868","-0.00484174586268174"
"763","180","2.5911544466666667","1.3187130992868397","-3.984138140669094"
"764","180","-1.4060894982889667","1.3648994858369625","0.8020532027492696"
"765","180","0.45419056337210106","0.510655513920735","-0.5486268379445813"
"766","181","-1.517876103934618","0.0221920705193097","0.040038477792628785"
"767","181","-0.43149795238606353","2.2065895876027417","0.09070383267726245"
"768","181","0.7025841444686609","0.0031049944272782196","-0.026779232417708146"
"769","181","0.7261381598164527","-0.7183084865184702","-0.4325797094924994"
"770","181","0.7096360006108259","0.010819646885889996","-0.004067263650798472"
"771","182","0.6242085065465651","0.03411962122082888","0.0515706528619191"
"772","182","2.693726445902778","1.296229370950897","-4.192872251509227"
"773","182","-0.615198186065206","2.5557706844745693","-0.1053513385952618"
"774","182","0.5688923348615386","0.06409503608685002","-0.018438784419566784"
"775","183","-1.492708952802504","0.01886018208206594","0.017660266540816816"
"776","183","-0.4357253580024921","2.3227323528429635","0.126546424426713"
"777","183","0.7144086873014994","0.009176208262928622","-0.036207238577872794"
"778","183","0.7633720543896506","-0.6892214502655942","-0.6458797642821592"
"779","183","0.7159894261799988","0.0067078077337954095","-0.03296883243045806"
"780","184","-1.4094463043149064","-0.003973457026769142","0.03245448497091957"
"781","184","-0.39552660938950673","2.343926872274298","0.19097380938378927"
"782","184","0.7614689830173785","0.0021605944624761356","-0.03562019035392225"
"783","184","0.7643624773811188","-0.5152778106738698","-0.1742267689304669"
"784","184","0.7622456109138203","-0.0013859806675044217","-0.008697210806077382"
"785","185","-1.374523167775297","0.010712219636403356","0.01306678577026879"
"786","185","-0.7149346939091789","1.6208332383303814","0.7254247605277026"
"787","185","0.7540469225155881","0.03324566028254316","-0.06473134624858036"
"788","185","0.8076049134586466","-0.5441888113741397","-0.5159734087473477"
"789","185","0.7629372354419461","0.013056993579436356","-0.011053305073349187"
"790","186","-1.396183799405465","0.02511175242496208","0.053661804647729155"
"791","186","-0.3552251828819628","1.888912867577173","0.08062505837117864"
"792","186","0.7670148271995905","0.011631085776906205","-0.03509159963374167"
"793","187","0.6384901330967396","0.045436897120185234","0.012726635829294383"
"794","187","2.6853953769444447","1.2674041635540783","-4.132958249055032"
"795","187","-0.41439880242483257","2.6188683986919483","-0.6622012344049385"
"796","188","0.7184055563802665","0.008346903939488295","0.012636606908817474"
"797","188","0.7767666114285714","-0.056974861161392276","-0.1041924176347857"
"798","188","0.24638713833333337","-1.2831747459646146","-0.4469844059858241"
"799","188","-2.08035085932401","-0.11724884114978518","0.2104797626214392"
"800","188","-1.5355344695570734","1.1686942606542658","0.329892777591422"
"801","188","0.16151933368371185","1.1325782886911593","-0.42592202087561354"
"802","188","0.6478696284778555","0.05509091100735833","0.027142073269084577"
"803","188","0.695458534465909","-0.017681688064275114","0.03160080317106412"
"804","189","0.6104330489192191","-0.0014068107426636334","0.039316384446700575"
"805","189","0.6109368175960591","0.0057911599876291076","-0.02173582734368762"
"806","189","0.6538251400000001","0.04873978848143168","-0.013284077362090363"
"807","189","2.6733748276388885","1.2189579288170163","-4.229229399561939"
"808","189","-0.7419052946837851","2.4719846633383447","0.1854515500080802"
"809","189","0.5043131235064936","0.021408383540461345","-0.03782819117198083"
"810","189","0.5480384743856144","0.0014065824726654241","-0.07772997558198136"
"811","189","0.5916321543040396","0.027792353944652917","-0.0020799936299800703"
"812","190","-1.6842249760154833","0.045877067427641","0.054104495235584305"
"813","190","-0.4702089071287878","2.121334000279149","-0.08955139537473963"
"814","190","0.6471397040322207","0.009117906991690704","-0.01547209025881769"
"815","191","-1.5962268866759475","0.006917790970927762","0.04804755424938745"
"816","191","-0.5030139816824294","2.2362563575152032","0.13626995087574922"
"817","191","0.6879893504654578","0.014624322847568736","-0.03147032282293821"
"818","192","-1.6455811216006386","0.0032544860601542713","0.04412708914872998"
"819","192","-1.1784132082562617","1.183489979444289","0.5965852971263345"
"820","192","0.5028661208053977","0.5686026820287636","-0.5228682353387926"
"821","192","0.6654068505720948","-5.229706355086433E-4","-0.021632741039188164"
"822","193","0.6661916329638693","0.019727987013194323","0.039258170338660664"
"823","193","2.370588418124098","-0.6177921729108677","-6.147428540214402"
"824","193","-0.5471041435701446","2.5235515060517257","-0.13101688092976993"
"825","194","-1.9338770603434394","0.37165182268176117","0.5169063303796332"
"826","194","0.1529325897612045","1.2930223845894386","-1.0154342716528413"
"827","194","0.552049477838317","0.012838190656487843","0.001256757609023204"
"828","194","0.5350226986312323","-0.8586516814107082","-0.3501539136904379"
"829","194","0.5438142881386017","0.013442519291069096","-0.013430924018616189"
"830","195","0.6253743749896847","0.02528550655301872","0.012905357312265706"
"831","195","2.4285581223376624","1.724796909504746","-3.5205574127082784"
"832","195","-0.43182628298783615","2.636381718968361","-0.6827805145778729"
"833","196","0.7268269262411652","0.027363532886596938","0.06450147400733902"
"834","196","0.2751378","-1.1473622259322624","-0.5568021243218744"
"835","196","-1.5593101777555831","1.3018591164495859","0.6582018084156127"
"836","196","0.4173202608316892","0.8871776671200927","-0.7210351147279455"
"837","197","-1.2370297003601383","0.029314916025259388","-0.001709353879420672"
"838","197","-0.5460490281148591","1.5957224235718133","0.5753413154272661"
"839","197","0.8345225067148799","0.1672190636029114","-0.18527465544294439"
"840","197","0.8684161842545894","-0.008581310860158946","0.002966662262377684"
"841","198","0.682260523103487","0.03206839992419524","0.047341617975648856"
"842","198","2.6837805979166665","1.2511093658630021","-4.078693752316478"
"843","198","-0.4686939067773084","2.555524406166976","-0.270124595542631"
"844","199","0.7698756294870878","0.046969461502405455","0.05095757445248453"
"845","199","0.36316174333333334","-1.190542598975116","-0.5084190991088837"
"846","199","-1.200456296868656","1.9734644586821568","0.8123239622072459"
"847","199","0.569348342162353","0.4525252775533325","-0.32743137959334656"
"848","199","0.7599469435894268","-0.029522554901874193","0.032831312185569506"
